{
  "LLM (Claude)": {
    "scores": [
      0.8247838260650635,
      0.5138629520893097,
      1.5246281873703003,
      0.4888690978050232,
      0.400504980134964,
      0.708290025806427,
      0.4068221926212311,
      0.4195408721923828,
      0.5445119711399078,
      0.39856787362098695,
      0.39224151654243467,
      0.39893887677192685,
      0.40449878811836243,
      0.38461854004859924,
      0.4052134213447571
    ],
    "best_loss": 0.38461854004859924,
    "best_acc": 0.8544,
    "wall_time": 441.33152890205383,
    "n_evals": 15,
    "llm_success": 5,
    "llm_fallback": 0
  },
  "LLM (Qwen)": {
    "scores": [
      0.768590931892395,
      0.8255090006828308,
      0.7932570853233337,
      1.8454290994644165,
      0.7481631195068359,
      1.1811296310424804,
      2.3023315704345704,
      0.905741984462738,
      1.1879510389328003,
      0.6372264782905579,
      0.9935318894386291,
      0.7852967326164245,
      1.3005035747528075,
      0.6898732154846191,
      0.9709019996643067
    ],
    "best_loss": 0.6372264782905579,
    "best_acc": 0.7504,
    "wall_time": 1331.5792922973633,
    "n_evals": 15,
    "llm_success": 3,
    "llm_fallback": 2
  },
  "Optuna TPE": {
    "scores": [
      1.0294123556137085,
      0.6251034851074219,
      0.6117644390106202,
      1.690190369606018,
      1.9011365728378296,
      0.7578206067085266,
      2.3033555023193357,
      0.45352353019714353,
      2.298621992492676,
      2.302979960632324,
      2.089430432128906,
      2.3250996700286866,
      1.0777648511886597,
      0.6178224164009094,
      0.6157981641769409
    ],
    "best_loss": 0.45352353019714353,
    "best_acc": 0.8272,
    "wall_time": 955.4204030036926,
    "n_evals": 15
  },
  "Random": {
    "scores": [
      1.8224078464508056,
      0.7391991292953491,
      1.1652811153411866,
      0.6547823338508606,
      1.002222429561615,
      0.7724174180030823,
      2.1872550094604493,
      2.303115142059326,
      2.3035588649749754,
      0.6582765737533569,
      2.249524285888672,
      1.0890721172332765,
      0.9348550476074219,
      0.6104321540832519,
      1.8173447284698487
    ],
    "best_loss": 0.6104321540832519,
    "best_acc": 0.7672,
    "wall_time": 606.3300340175629,
    "n_evals": 15
  }
}